evento,janela_ini,janela_fim,estacao_chuva,n_dias_chuva,chuva_total_mm,chuva_max_diaria_mm,chuva_max_data,uvaia_pico_cm,uvaia_pico_data,lajeado_pico_cm,lajeado_pico_data,lag_dias
out-nov/2025,2025-10-20,2025-11-10,1101,22,164.1,69.4,2025-10-28,333,2025-11-10,491,2025-11-04,6
out-nov/2025,2025-10-20,2025-11-10,1105,22,111.6,31.8,2025-11-07,333,2025-11-10,491,2025-11-04,6
out-nov/2025,2025-10-20,2025-11-10,2056,22,160.2,43.2,2025-10-28,333,2025-11-10,491,2025-11-04,6
out-nov/2025,2025-10-20,2025-11-10,2241,22,109.8,45.2,2025-11-07,333,2025-11-10,491,2025-11-04,6
out-nov/2025,2025-10-20,2025-11-10,IAT_2450054,0,sem-dados,sem-dados,sem-dados,333,2025-11-10,491,2025-11-04,6
out-nov/2025,2025-10-20,2025-11-10,83811,0,sem-dados,sem-dados,sem-dados,333,2025-11-10,491,2025-11-04,6
out-nov/2025,2025-10-20,2025-11-10,83813,0,sem-dados,sem-dados,sem-dados,333,2025-11-10,491,2025-11-04,6
out-nov/2025,2025-10-20,2025-11-10,sih:2450021,22,138.3,41.7,2025-11-08,333,2025-11-10,491,2025-11-04,6
out-nov/2025,2025-10-20,2025-11-10,sih:2549052,22,112.5,41.7,2025-11-08,333,2025-11-10,491,2025-11-04,6
out-nov/2025,2025-10-20,2025-11-10,sih:2550043,22,152.6,34.6,2025-11-02,333,2025-11-10,491,2025-11-04,6
out-nov/2025,2025-10-20,2025-11-10,sma:1105,22,111.6,31.8,2025-11-07,333,2025-11-10,491,2025-11-04,6
out-nov/2025,2025-10-20,2025-11-10,sma:1112,22,108.8,44.0,2025-11-02,333,2025-11-10,491,2025-11-04,6
out-nov/2025,2025-10-20,2025-11-10,sma:1124,22,102.2,19.8,2025-11-02,333,2025-11-10,491,2025-11-04,6
out-nov/2025,2025-10-20,2025-11-10,sma:1133,22,97.4,38.0,2025-11-02,333,2025-11-10,491,2025-11-04,6
out-nov/2025,2025-10-20,2025-11-10,sma:1224,22,73.7,28.5,2025-11-02,333,2025-11-10,491,2025-11-04,6
out-nov/2025,2025-10-20,2025-11-10,sma:2305,22,136.6,51.2,2025-11-01,333,2025-11-10,491,2025-11-04,6
out-nov/2025,2025-10-20,2025-11-10,sma:2320,22,142.2,54.2,2025-10-28,333,2025-11-10,491,2025-11-04,6
out-nov/2025,2025-10-20,2025-11-10,sma:2411,22,96.4,26.4,2025-11-07,333,2025-11-10,491,2025-11-04,6
out-nov/2025,2025-10-20,2025-11-10,sma:2529,22,159.9,42.26,2025-10-29,333,2025-11-10,491,2025-11-04,6
out-nov/2025,2025-10-20,2025-11-10,sma:2730,22,121.4,50.0,2025-10-28,333,2025-11-10,491,2025-11-04,6
out-nov/2025,2025-10-20,2025-11-10,sma:2733,22,102.6,27.4,2025-10-28,333,2025-11-10,491,2025-11-04,6
out-nov/2025,2025-10-20,2025-11-10,sma:2745,22,124.8,41.2,2025-11-02,333,2025-11-10,491,2025-11-04,6
out-nov/2025,2025-10-20,2025-11-10,sma:2904,22,148.4,35.6,2025-11-01,333,2025-11-10,491,2025-11-04,6
out-nov/2025,2025-10-20,2025-11-10,sma:819,0,sem-dados,sem-dados,sem-dados,333,2025-11-10,491,2025-11-04,6
jan/2025,2025-01-15,2025-01-25,1101,11,71.6,21.8,2025-01-18,228,2025-01-23,226,2025-01-22,1
jan/2025,2025-01-15,2025-01-25,1105,11,146.6,43.6,2025-01-19,228,2025-01-23,226,2025-01-22,1
jan/2025,2025-01-15,2025-01-25,2056,11,226.2,143.0,2025-01-19,228,2025-01-23,226,2025-01-22,1
jan/2025,2025-01-15,2025-01-25,2241,11,82.0,21.6,2025-01-19,228,2025-01-23,226,2025-01-22,1
jan/2025,2025-01-15,2025-01-25,IAT_2450054,0,sem-dados,sem-dados,sem-dados,228,2025-01-23,226,2025-01-22,1
jan/2025,2025-01-15,2025-01-25,83811,0,sem-dados,sem-dados,sem-dados,228,2025-01-23,226,2025-01-22,1
jan/2025,2025-01-15,2025-01-25,83813,0,sem-dados,sem-dados,sem-dados,228,2025-01-23,226,2025-01-22,1
jan/2025,2025-01-15,2025-01-25,sih:2450021,11,163.9,64.6,2025-01-19,228,2025-01-23,226,2025-01-22,1
jan/2025,2025-01-15,2025-01-25,sih:2549052,11,82.3,33.8,2025-01-19,228,2025-01-23,226,2025-01-22,1
jan/2025,2025-01-15,2025-01-25,sih:2550043,11,55.8,18.6,2025-01-25,228,2025-01-23,226,2025-01-22,1
jan/2025,2025-01-15,2025-01-25,sma:1105,11,146.6,43.6,2025-01-19,228,2025-01-23,226,2025-01-22,1
jan/2025,2025-01-15,2025-01-25,sma:1112,11,125.0,50.4,2025-01-17,228,2025-01-23,226,2025-01-22,1
jan/2025,2025-01-15,2025-01-25,sma:1124,11,137.8,68.0,2025-01-19,228,2025-01-23,226,2025-01-22,1
jan/2025,2025-01-15,2025-01-25,sma:1133,11,104.2,49.8,2025-01-19,228,2025-01-23,226,2025-01-22,1
jan/2025,2025-01-15,2025-01-25,sma:1224,11,123.0,45.0,2025-01-17,228,2025-01-23,226,2025-01-22,1
jan/2025,2025-01-15,2025-01-25,sma:2305,11,134.0,58.4,2025-01-17,228,2025-01-23,226,2025-01-22,1
jan/2025,2025-01-15,2025-01-25,sma:2320,11,87.2,20.6,2025-01-19,228,2025-01-23,226,2025-01-22,1
jan/2025,2025-01-15,2025-01-25,sma:2411,11,121.4,46.8,2025-01-19,228,2025-01-23,226,2025-01-22,1
jan/2025,2025-01-15,2025-01-25,sma:2529,11,109.6,35.0,2025-01-19,228,2025-01-23,226,2025-01-22,1
jan/2025,2025-01-15,2025-01-25,sma:2730,11,61.8,18.4,2025-01-19,228,2025-01-23,226,2025-01-22,1
jan/2025,2025-01-15,2025-01-25,sma:2733,11,64.8,23.2,2025-01-20,228,2025-01-23,226,2025-01-22,1
jan/2025,2025-01-15,2025-01-25,sma:2745,11,121.4,52.2,2025-01-19,228,2025-01-23,226,2025-01-22,1
jan/2025,2025-01-15,2025-01-25,sma:2904,11,208.0,42.2,2025-01-19,228,2025-01-23,226,2025-01-22,1
jan/2025,2025-01-15,2025-01-25,sma:819,0,sem-dados,sem-dados,sem-dados,228,2025-01-23,226,2025-01-22,1
dez/2024,2024-12-01,2024-12-20,1101,20,263.4,106.4,2024-12-07,888,2024-12-16,796,2024-12-12,4
dez/2024,2024-12-01,2024-12-20,1105,20,273.4,104.4,2024-12-09,888,2024-12-16,796,2024-12-12,4
dez/2024,2024-12-01,2024-12-20,2056,20,380.6,149.0,2024-12-07,888,2024-12-16,796,2024-12-12,4
dez/2024,2024-12-01,2024-12-20,2241,20,281.6,110.8,2024-12-07,888,2024-12-16,796,2024-12-12,4
dez/2024,2024-12-01,2024-12-20,IAT_2450054,0,sem-dados,sem-dados,sem-dados,888,2024-12-16,796,2024-12-12,4
dez/2024,2024-12-01,2024-12-20,83811,0,sem-dados,sem-dados,sem-dados,888,2024-12-16,796,2024-12-12,4
dez/2024,2024-12-01,2024-12-20,83813,0,sem-dados,sem-dados,sem-dados,888,2024-12-16,796,2024-12-12,4
dez/2024,2024-12-01,2024-12-20,sih:2450021,20,325.3,97.2,2024-12-09,888,2024-12-16,796,2024-12-12,4
dez/2024,2024-12-01,2024-12-20,sih:2549052,20,276.4,80.1,2024-12-09,888,2024-12-16,796,2024-12-12,4
dez/2024,2024-12-01,2024-12-20,sih:2550043,20,226.9,73.1,2024-12-07,888,2024-12-16,796,2024-12-12,4
dez/2024,2024-12-01,2024-12-20,sma:1105,20,273.4,104.4,2024-12-09,888,2024-12-16,796,2024-12-12,4
dez/2024,2024-12-01,2024-12-20,sma:1112,20,366.0,115.8,2024-12-07,888,2024-12-16,796,2024-12-12,4
dez/2024,2024-12-01,2024-12-20,sma:1124,20,353.4,148.4,2024-12-09,888,2024-12-16,796,2024-12-12,4
dez/2024,2024-12-01,2024-12-20,sma:1133,20,251.4,110.8,2024-12-07,888,2024-12-16,796,2024-12-12,4
dez/2024,2024-12-01,2024-12-20,sma:1224,20,320.7,103.4,2024-12-07,888,2024-12-16,796,2024-12-12,4
dez/2024,2024-12-01,2024-12-20,sma:2305,20,417.0,133.8,2024-12-07,888,2024-12-16,796,2024-12-12,4
dez/2024,2024-12-01,2024-12-20,sma:2320,20,289.2,105.8,2024-12-09,888,2024-12-16,796,2024-12-12,4
dez/2024,2024-12-01,2024-12-20,sma:2411,20,270.8,107.0,2024-12-07,888,2024-12-16,796,2024-12-12,4
dez/2024,2024-12-01,2024-12-20,sma:2529,20,287.8,102.6,2024-12-07,888,2024-12-16,796,2024-12-12,4
dez/2024,2024-12-01,2024-12-20,sma:2730,20,349.4,130.6,2024-12-09,888,2024-12-16,796,2024-12-12,4
dez/2024,2024-12-01,2024-12-20,sma:2733,20,265.0,95.8,2024-12-07,888,2024-12-16,796,2024-12-12,4
dez/2024,2024-12-01,2024-12-20,sma:2745,20,302.4,116.0,2024-12-07,888,2024-12-16,796,2024-12-12,4
dez/2024,2024-12-01,2024-12-20,sma:2904,20,395.2,96.4,2024-12-07,888,2024-12-16,796,2024-12-12,4
dez/2024,2024-12-01,2024-12-20,sma:819,0,sem-dados,sem-dados,sem-dados,888,2024-12-16,796,2024-12-12,4
out-nov/2023,2023-10-20,2023-11-15,1101,27,417.4,102.0,2023-10-29,1232,2023-11-04,854,2023-11-01,3
out-nov/2023,2023-10-20,2023-11-15,1105,27,285.4,70.2,2023-10-29,1232,2023-11-04,854,2023-11-01,3
out-nov/2023,2023-10-20,2023-11-15,2056,27,465.9,96.9,2023-10-29,1232,2023-11-04,854,2023-11-01,3
out-nov/2023,2023-10-20,2023-11-15,2241,27,260.8,72.0,2023-10-29,1232,2023-11-04,854,2023-11-01,3
out-nov/2023,2023-10-20,2023-11-15,IAT_2450054,0,sem-dados,sem-dados,sem-dados,1232,2023-11-04,854,2023-11-01,3
out-nov/2023,2023-10-20,2023-11-15,83811,0,sem-dados,sem-dados,sem-dados,1232,2023-11-04,854,2023-11-01,3
out-nov/2023,2023-10-20,2023-11-15,83813,0,sem-dados,sem-dados,sem-dados,1232,2023-11-04,854,2023-11-01,3
out-nov/2023,2023-10-20,2023-11-15,sih:2450021,27,290.9,107.9,2023-10-29,1232,2023-11-04,854,2023-11-01,3
out-nov/2023,2023-10-20,2023-11-15,sih:2549052,27,299.2,101.7,2023-10-29,1232,2023-11-04,854,2023-11-01,3
out-nov/2023,2023-10-20,2023-11-15,sih:2550043,27,283.8,69.4,2023-10-29,1232,2023-11-04,854,2023-11-01,3
out-nov/2023,2023-10-20,2023-11-15,sma:1105,27,285.4,70.2,2023-10-29,1232,2023-11-04,854,2023-11-01,3
out-nov/2023,2023-10-20,2023-11-15,sma:1112,27,359.6,90.8,2023-10-29,1232,2023-11-04,854,2023-11-01,3
out-nov/2023,2023-10-20,2023-11-15,sma:1124,27,320.0,96.8,2023-10-29,1232,2023-11-04,854,2023-11-01,3
out-nov/2023,2023-10-20,2023-11-15,sma:1133,27,280.2,82.2,2023-10-29,1232,2023-11-04,854,2023-11-01,3
out-nov/2023,2023-10-20,2023-11-15,sma:1224,27,242.0,84.8,2023-10-29,1232,2023-11-04,854,2023-11-01,3
out-nov/2023,2023-10-20,2023-11-15,sma:2305,27,409.6,86.2,2023-10-29,1232,2023-11-04,854,2023-11-01,3
out-nov/2023,2023-10-20,2023-11-15,sma:2320,27,382.8,84.0,2023-10-28,1232,2023-11-04,854,2023-11-01,3
out-nov/2023,2023-10-20,2023-11-15,sma:2411,27,320.2,75.4,2023-10-29,1232,2023-11-04,854,2023-11-01,3
out-nov/2023,2023-10-20,2023-11-15,sma:2529,27,370.4,95.4,2023-10-29,1232,2023-11-04,854,2023-11-01,3
out-nov/2023,2023-10-20,2023-11-15,sma:2730,27,405.8,119.8,2023-10-29,1232,2023-11-04,854,2023-11-01,3
out-nov/2023,2023-10-20,2023-11-15,sma:2733,27,273.6,65.8,2023-10-29,1232,2023-11-04,854,2023-11-01,3
out-nov/2023,2023-10-20,2023-11-15,sma:2745,0,sem-dados,sem-dados,sem-dados,1232,2023-11-04,854,2023-11-01,3
out-nov/2023,2023-10-20,2023-11-15,sma:2904,27,369.0,74.8,2023-11-03,1232,2023-11-04,854,2023-11-01,3
out-nov/2023,2023-10-20,2023-11-15,sma:819,0,sem-dados,sem-dados,sem-dados,1232,2023-11-04,854,2023-11-01,3
out-nov/2022,2022-10-20,2022-11-10,1101,22,56.4,24.2,2022-10-20,406,2022-11-07,595,2022-11-05,2
out-nov/2022,2022-10-20,2022-11-10,1105,22,94.6,41.2,2022-10-20,406,2022-11-07,595,2022-11-05,2
out-nov/2022,2022-10-20,2022-11-10,2056,22,103.8,36.2,2022-10-20,406,2022-11-07,595,2022-11-05,2
out-nov/2022,2022-10-20,2022-11-10,2241,22,128.6,40.4,2022-10-20,406,2022-11-07,595,2022-11-05,2
out-nov/2022,2022-10-20,2022-11-10,IAT_2450054,0,sem-dados,sem-dados,sem-dados,406,2022-11-07,595,2022-11-05,2
out-nov/2022,2022-10-20,2022-11-10,83811,0,sem-dados,sem-dados,sem-dados,406,2022-11-07,595,2022-11-05,2
out-nov/2022,2022-10-20,2022-11-10,83813,0,sem-dados,sem-dados,sem-dados,406,2022-11-07,595,2022-11-05,2
out-nov/2022,2022-10-20,2022-11-10,sih:2450021,22,130.0,42.0,2022-10-31,406,2022-11-07,595,2022-11-05,2
out-nov/2022,2022-10-20,2022-11-10,sih:2549052,22,100.4,23.4,2022-10-20,406,2022-11-07,595,2022-11-05,2
out-nov/2022,2022-10-20,2022-11-10,sih:2550043,22,151.7,54.4,2022-10-20,406,2022-11-07,595,2022-11-05,2
out-nov/2022,2022-10-20,2022-11-10,sma:1105,22,94.6,41.2,2022-10-20,406,2022-11-07,595,2022-11-05,2
out-nov/2022,2022-10-20,2022-11-10,sma:1112,22,179.4,58.6,2022-10-31,406,2022-11-07,595,2022-11-05,2
out-nov/2022,2022-10-20,2022-11-10,sma:1124,22,118.4,44.2,2022-10-20,406,2022-11-07,595,2022-11-05,2
out-nov/2022,2022-10-20,2022-11-10,sma:1133,22,130.2,39.8,2022-10-20,406,2022-11-07,595,2022-11-05,2
out-nov/2022,2022-10-20,2022-11-10,sma:1224,22,118.5,38.13,2022-10-20,406,2022-11-07,595,2022-11-05,2
out-nov/2022,2022-10-20,2022-11-10,sma:2305,22,208.2,70.2,2022-10-31,406,2022-11-07,595,2022-11-05,2
out-nov/2022,2022-10-20,2022-11-10,sma:2320,22,152.6,51.0,2022-10-20,406,2022-11-07,595,2022-11-05,2
out-nov/2022,2022-10-20,2022-11-10,sma:2411,22,78.2,29.4,2022-10-20,406,2022-11-07,595,2022-11-05,2
out-nov/2022,2022-10-20,2022-11-10,sma:2529,22,123.0,56.6,2022-10-20,406,2022-11-07,595,2022-11-05,2
out-nov/2022,2022-10-20,2022-11-10,sma:2730,0,sem-dados,sem-dados,sem-dados,406,2022-11-07,595,2022-11-05,2
out-nov/2022,2022-10-20,2022-11-10,sma:2733,0,sem-dados,sem-dados,sem-dados,406,2022-11-07,595,2022-11-05,2
out-nov/2022,2022-10-20,2022-11-10,sma:2745,0,sem-dados,sem-dados,sem-dados,406,2022-11-07,595,2022-11-05,2
out-nov/2022,2022-10-20,2022-11-10,sma:2904,22,173.4,61.4,2022-10-20,406,2022-11-07,595,2022-11-05,2
out-nov/2022,2022-10-20,2022-11-10,sma:819,0,sem-dados,sem-dados,sem-dados,406,2022-11-07,595,2022-11-05,2
jun/2022,2022-06-01,2022-06-30,1101,29,130.3,36.22,2022-06-02,595,2022-06-11,681,2022-06-07,4
jun/2022,2022-06-01,2022-06-30,1105,30,172.4,69.6,2022-06-02,595,2022-06-11,681,2022-06-07,4
jun/2022,2022-06-01,2022-06-30,2056,30,174.4,42.8,2022-06-02,595,2022-06-11,681,2022-06-07,4
jun/2022,2022-06-01,2022-06-30,2241,30,172.0,70.0,2022-06-02,595,2022-06-11,681,2022-06-07,4
jun/2022,2022-06-01,2022-06-30,IAT_2450054,0,sem-dados,sem-dados,sem-dados,595,2022-06-11,681,2022-06-07,4
jun/2022,2022-06-01,2022-06-30,83811,0,sem-dados,sem-dados,sem-dados,595,2022-06-11,681,2022-06-07,4
jun/2022,2022-06-01,2022-06-30,83813,0,sem-dados,sem-dados,sem-dados,595,2022-06-11,681,2022-06-07,4
jun/2022,2022-06-01,2022-06-30,sih:2450021,30,143.0,45.2,2022-06-07,595,2022-06-11,681,2022-06-07,4
jun/2022,2022-06-01,2022-06-30,sih:2549052,30,125.8,38.3,2022-06-02,595,2022-06-11,681,2022-06-07,4
jun/2022,2022-06-01,2022-06-30,sih:2550043,30,148.5,49.8,2022-06-02,595,2022-06-11,681,2022-06-07,4
jun/2022,2022-06-01,2022-06-30,sma:1105,30,172.4,69.6,2022-06-02,595,2022-06-11,681,2022-06-07,4
jun/2022,2022-06-01,2022-06-30,sma:1112,30,125.8,63.2,2022-06-09,595,2022-06-11,681,2022-06-07,4
jun/2022,2022-06-01,2022-06-30,sma:1124,30,151.8,48.2,2022-06-02,595,2022-06-11,681,2022-06-07,4
jun/2022,2022-06-01,2022-06-30,sma:1133,30,129.8,45.6,2022-06-09,595,2022-06-11,681,2022-06-07,4
jun/2022,2022-06-01,2022-06-30,sma:1224,28,101.2,26.8,2022-06-07,595,2022-06-11,681,2022-06-07,4
jun/2022,2022-06-01,2022-06-30,sma:2305,30,130.6,61.8,2022-06-09,595,2022-06-11,681,2022-06-07,4
jun/2022,2022-06-01,2022-06-30,sma:2320,30,254.4,94.4,2022-06-02,595,2022-06-11,681,2022-06-07,4
jun/2022,2022-06-01,2022-06-30,sma:2411,0,sem-dados,sem-dados,sem-dados,595,2022-06-11,681,2022-06-07,4
jun/2022,2022-06-01,2022-06-30,sma:2529,30,157.6,58.2,2022-06-02,595,2022-06-11,681,2022-06-07,4
jun/2022,2022-06-01,2022-06-30,sma:2730,0,sem-dados,sem-dados,sem-dados,595,2022-06-11,681,2022-06-07,4
jun/2022,2022-06-01,2022-06-30,sma:2733,0,sem-dados,sem-dados,sem-dados,595,2022-06-11,681,2022-06-07,4
jun/2022,2022-06-01,2022-06-30,sma:2745,0,sem-dados,sem-dados,sem-dados,595,2022-06-11,681,2022-06-07,4
jun/2022,2022-06-01,2022-06-30,sma:2904,30,167.0,56.4,2022-06-09,595,2022-06-11,681,2022-06-07,4
jun/2022,2022-06-01,2022-06-30,sma:819,0,sem-dados,sem-dados,sem-dados,595,2022-06-11,681,2022-06-07,4
jan/2021,2021-01-01,2021-01-31,1101,31,180.2,40.2,2021-01-19,673,2021-01-30,730,2021-01-24,6
jan/2021,2021-01-01,2021-01-31,1105,31,268.4,46.8,2021-01-20,673,2021-01-30,730,2021-01-24,6
jan/2021,2021-01-01,2021-01-31,2056,31,198.6,27.0,2021-01-25,673,2021-01-30,730,2021-01-24,6
jan/2021,2021-01-01,2021-01-31,2241,31,264.4,70.0,2021-01-18,673,2021-01-30,730,2021-01-24,6
jan/2021,2021-01-01,2021-01-31,IAT_2450054,0,sem-dados,sem-dados,sem-dados,673,2021-01-30,730,2021-01-24,6
jan/2021,2021-01-01,2021-01-31,83811,22,223.0,42.0,2021-01-19,673,2021-01-30,730,2021-01-24,6
jan/2021,2021-01-01,2021-01-31,83813,22,166.4,40.6,2021-01-19,673,2021-01-30,730,2021-01-24,6
jan/2021,2021-01-01,2021-01-31,sih:2450021,31,294.8,47.9,2021-01-26,673,2021-01-30,730,2021-01-24,6
jan/2021,2021-01-01,2021-01-31,sih:2549052,31,299.1,72.9,2021-01-18,673,2021-01-30,730,2021-01-24,6
jan/2021,2021-01-01,2021-01-31,sih:2550043,31,346.4,65.8,2021-01-18,673,2021-01-30,730,2021-01-24,6
jan/2021,2021-01-01,2021-01-31,sma:1105,31,268.4,46.8,2021-01-20,673,2021-01-30,730,2021-01-24,6
jan/2021,2021-01-01,2021-01-31,sma:1112,31,204.2,36.6,2021-01-17,673,2021-01-30,730,2021-01-24,6
jan/2021,2021-01-01,2021-01-31,sma:1124,31,218.0,38.6,2021-01-20,673,2021-01-30,730,2021-01-24,6
jan/2021,2021-01-01,2021-01-31,sma:1133,31,293.4,39.8,2021-01-15,673,2021-01-30,730,2021-01-24,6
jan/2021,2021-01-01,2021-01-31,sma:1224,31,171.8,30.0,2021-01-17,673,2021-01-30,730,2021-01-24,6
jan/2021,2021-01-01,2021-01-31,sma:2305,31,434.9,79.6,2021-01-25,673,2021-01-30,730,2021-01-24,6
jan/2021,2021-01-01,2021-01-31,sma:2320,31,363.2,79.0,2021-01-19,673,2021-01-30,730,2021-01-24,6
jan/2021,2021-01-01,2021-01-31,sma:2411,0,sem-dados,sem-dados,sem-dados,673,2021-01-30,730,2021-01-24,6
jan/2021,2021-01-01,2021-01-31,sma:2529,31,207.6,45.2,2021-01-18,673,2021-01-30,730,2021-01-24,6
jan/2021,2021-01-01,2021-01-31,sma:2730,0,sem-dados,sem-dados,sem-dados,673,2021-01-30,730,2021-01-24,6
jan/2021,2021-01-01,2021-01-31,sma:2733,0,sem-dados,sem-dados,sem-dados,673,2021-01-30,730,2021-01-24,6
jan/2021,2021-01-01,2021-01-31,sma:2745,0,sem-dados,sem-dados,sem-dados,673,2021-01-30,730,2021-01-24,6
jan/2021,2021-01-01,2021-01-31,sma:2904,31,323.2,67.8,2021-01-19,673,2021-01-30,730,2021-01-24,6
jan/2021,2021-01-01,2021-01-31,sma:819,31,199.0,35.4,2021-01-18,673,2021-01-30,730,2021-01-24,6
mai-jun/2019,2019-05-15,2019-06-30,1101,47,313.8,77.6,2019-05-28,921,2019-06-07,772,2019-06-03,4
mai-jun/2019,2019-05-15,2019-06-30,1105,47,263.4,72.8,2019-05-28,921,2019-06-07,772,2019-06-03,4
mai-jun/2019,2019-05-15,2019-06-30,2056,47,327.8,80.8,2019-05-28,921,2019-06-07,772,2019-06-03,4
mai-jun/2019,2019-05-15,2019-06-30,2241,0,sem-dados,sem-dados,sem-dados,921,2019-06-07,772,2019-06-03,4
mai-jun/2019,2019-05-15,2019-06-30,IAT_2450054,0,sem-dados,sem-dados,sem-dados,921,2019-06-07,772,2019-06-03,4
mai-jun/2019,2019-05-15,2019-06-30,83811,33,285.6,59.4,2019-05-29,921,2019-06-07,772,2019-06-03,4
mai-jun/2019,2019-05-15,2019-06-30,83813,34,163.1,68.8,2019-05-29,921,2019-06-07,772,2019-06-03,4
mai-jun/2019,2019-05-15,2019-06-30,sih:2450021,18,210.7,60.5,2019-05-28,921,2019-06-07,772,2019-06-03,4
mai-jun/2019,2019-05-15,2019-06-30,sih:2549052,47,281.3,56.1,2019-05-28,921,2019-06-07,772,2019-06-03,4
mai-jun/2019,2019-05-15,2019-06-30,sih:2550043,47,328.7,62.4,2019-05-28,921,2019-06-07,772,2019-06-03,4
mai-jun/2019,2019-05-15,2019-06-30,sma:1105,47,263.4,72.8,2019-05-28,921,2019-06-07,772,2019-06-03,4
mai-jun/2019,2019-05-15,2019-06-30,sma:1112,47,206.6,53.8,2019-05-28,921,2019-06-07,772,2019-06-03,4
mai-jun/2019,2019-05-15,2019-06-30,sma:1124,47,281.2,77.6,2019-05-28,921,2019-06-07,772,2019-06-03,4
mai-jun/2019,2019-05-15,2019-06-30,sma:1133,47,242.8,73.6,2019-05-28,921,2019-06-07,772,2019-06-03,4
mai-jun/2019,2019-05-15,2019-06-30,sma:1224,47,271.9,76.2,2019-05-28,921,2019-06-07,772,2019-06-03,4
mai-jun/2019,2019-05-15,2019-06-30,sma:2305,6,8.6,8.0,2019-06-26,921,2019-06-07,772,2019-06-03,4
mai-jun/2019,2019-05-15,2019-06-30,sma:2320,47,386.7,93.8,2019-05-23,921,2019-06-07,772,2019-06-03,4
mai-jun/2019,2019-05-15,2019-06-30,sma:2411,0,sem-dados,sem-dados,sem-dados,921,2019-06-07,772,2019-06-03,4
mai-jun/2019,2019-05-15,2019-06-30,sma:2529,0,sem-dados,sem-dados,sem-dados,921,2019-06-07,772,2019-06-03,4
mai-jun/2019,2019-05-15,2019-06-30,sma:2730,0,sem-dados,sem-dados,sem-dados,921,2019-06-07,772,2019-06-03,4
mai-jun/2019,2019-05-15,2019-06-30,sma:2733,0,sem-dados,sem-dados,sem-dados,921,2019-06-07,772,2019-06-03,4
mai-jun/2019,2019-05-15,2019-06-30,sma:2745,0,sem-dados,sem-dados,sem-dados,921,2019-06-07,772,2019-06-03,4
mai-jun/2019,2019-05-15,2019-06-30,sma:2904,12,15.8,14.0,2019-06-26,921,2019-06-07,772,2019-06-03,4
mai-jun/2019,2019-05-15,2019-06-30,sma:819,47,292.0,74.2,2019-05-28,921,2019-06-07,772,2019-06-03,4
jun/2017,2017-06-01,2017-06-30,1101,30,160.4,68.0,2017-06-05,659,2017-06-13,690,2017-06-11,2
jun/2017,2017-06-01,2017-06-30,1105,30,176.6,71.4,2017-06-06,659,2017-06-13,690,2017-06-11,2
jun/2017,2017-06-01,2017-06-30,2056,30,160.4,84.0,2017-06-05,659,2017-06-13,690,2017-06-11,2
jun/2017,2017-06-01,2017-06-30,2241,30,162.8,91.0,2017-06-06,659,2017-06-13,690,2017-06-11,2
jun/2017,2017-06-01,2017-06-30,IAT_2450054,30,101.5,27.6,2017-06-05,659,2017-06-13,690,2017-06-11,2
jun/2017,2017-06-01,2017-06-30,83811,0,sem-dados,sem-dados,sem-dados,659,2017-06-13,690,2017-06-11,2
jun/2017,2017-06-01,2017-06-30,83813,22,179.5,101.6,2017-06-06,659,2017-06-13,690,2017-06-11,2
jun/2017,2017-06-01,2017-06-30,sih:2450021,30,214.7,72.8,2017-06-05,659,2017-06-13,690,2017-06-11,2
jun/2017,2017-06-01,2017-06-30,sih:2549052,30,189.4,53.1,2017-06-05,659,2017-06-13,690,2017-06-11,2
jun/2017,2017-06-01,2017-06-30,sih:2550043,30,112.8,42.2,2017-06-06,659,2017-06-13,690,2017-06-11,2
jun/2017,2017-06-01,2017-06-30,sma:1105,30,176.6,71.4,2017-06-06,659,2017-06-13,690,2017-06-11,2
jun/2017,2017-06-01,2017-06-30,sma:1112,30,174.8,97.0,2017-06-05,659,2017-06-13,690,2017-06-11,2
jun/2017,2017-06-01,2017-06-30,sma:1124,30,174.8,82.0,2017-06-05,659,2017-06-13,690,2017-06-11,2
jun/2017,2017-06-01,2017-06-30,sma:1133,30,177.6,102.6,2017-06-05,659,2017-06-13,690,2017-06-11,2
jun/2017,2017-06-01,2017-06-30,sma:1224,0,sem-dados,sem-dados,sem-dados,659,2017-06-13,690,2017-06-11,2
jun/2017,2017-06-01,2017-06-30,sma:2305,0,sem-dados,sem-dados,sem-dados,659,2017-06-13,690,2017-06-11,2
jun/2017,2017-06-01,2017-06-30,sma:2320,30,115.0,43.6,2017-06-05,659,2017-06-13,690,2017-06-11,2
jun/2017,2017-06-01,2017-06-30,sma:2411,0,sem-dados,sem-dados,sem-dados,659,2017-06-13,690,2017-06-11,2
jun/2017,2017-06-01,2017-06-30,sma:2529,0,sem-dados,sem-dados,sem-dados,659,2017-06-13,690,2017-06-11,2
jun/2017,2017-06-01,2017-06-30,sma:2730,0,sem-dados,sem-dados,sem-dados,659,2017-06-13,690,2017-06-11,2
jun/2017,2017-06-01,2017-06-30,sma:2733,0,sem-dados,sem-dados,sem-dados,659,2017-06-13,690,2017-06-11,2
jun/2017,2017-06-01,2017-06-30,sma:2745,0,sem-dados,sem-dados,sem-dados,659,2017-06-13,690,2017-06-11,2
jun/2017,2017-06-01,2017-06-30,sma:2904,0,sem-dados,sem-dados,sem-dados,659,2017-06-13,690,2017-06-11,2
jun/2017,2017-06-01,2017-06-30,sma:819,30,200.2,112.4,2017-06-05,659,2017-06-13,690,2017-06-11,2
jul/2015,2015-07-01,2015-07-31,1101,31,293.8,41.2,2015-07-12,986,2015-07-22,797,2015-07-18,4
jul/2015,2015-07-01,2015-07-31,1105,31,301.0,60.4,2015-07-12,986,2015-07-22,797,2015-07-18,4
jul/2015,2015-07-01,2015-07-31,2056,31,316.4,42.4,2015-07-12,986,2015-07-22,797,2015-07-18,4
jul/2015,2015-07-01,2015-07-31,2241,31,262.2,34.2,2015-07-17,986,2015-07-22,797,2015-07-18,4
jul/2015,2015-07-01,2015-07-31,IAT_2450054,31,274.2,56.3,2015-07-25,986,2015-07-22,797,2015-07-18,4
jul/2015,2015-07-01,2015-07-31,83811,31,403.8,76.4,2015-07-17,986,2015-07-22,797,2015-07-18,4
jul/2015,2015-07-01,2015-07-31,83813,31,268.2,43.1,2015-07-17,986,2015-07-22,797,2015-07-18,4
jul/2015,2015-07-01,2015-07-31,sih:2450021,31,350.2,89.4,2015-07-17,986,2015-07-22,797,2015-07-18,4
jul/2015,2015-07-01,2015-07-31,sih:2549052,31,246.3,44.2,2015-07-17,986,2015-07-22,797,2015-07-18,4
jul/2015,2015-07-01,2015-07-31,sih:2550043,31,342.3,47.0,2015-07-17,986,2015-07-22,797,2015-07-18,4
jul/2015,2015-07-01,2015-07-31,sma:1105,0,sem-dados,sem-dados,sem-dados,986,2015-07-22,797,2015-07-18,4
jul/2015,2015-07-01,2015-07-31,sma:1112,0,sem-dados,sem-dados,sem-dados,986,2015-07-22,797,2015-07-18,4
jul/2015,2015-07-01,2015-07-31,sma:1124,0,sem-dados,sem-dados,sem-dados,986,2015-07-22,797,2015-07-18,4
jul/2015,2015-07-01,2015-07-31,sma:1133,0,sem-dados,sem-dados,sem-dados,986,2015-07-22,797,2015-07-18,4
jul/2015,2015-07-01,2015-07-31,sma:1224,0,sem-dados,sem-dados,sem-dados,986,2015-07-22,797,2015-07-18,4
jul/2015,2015-07-01,2015-07-31,sma:2305,0,sem-dados,sem-dados,sem-dados,986,2015-07-22,797,2015-07-18,4
jul/2015,2015-07-01,2015-07-31,sma:2320,0,sem-dados,sem-dados,sem-dados,986,2015-07-22,797,2015-07-18,4
jul/2015,2015-07-01,2015-07-31,sma:2411,0,sem-dados,sem-dados,sem-dados,986,2015-07-22,797,2015-07-18,4
jul/2015,2015-07-01,2015-07-31,sma:2529,0,sem-dados,sem-dados,sem-dados,986,2015-07-22,797,2015-07-18,4
jul/2015,2015-07-01,2015-07-31,sma:2730,0,sem-dados,sem-dados,sem-dados,986,2015-07-22,797,2015-07-18,4
jul/2015,2015-07-01,2015-07-31,sma:2733,0,sem-dados,sem-dados,sem-dados,986,2015-07-22,797,2015-07-18,4
jul/2015,2015-07-01,2015-07-31,sma:2745,0,sem-dados,sem-dados,sem-dados,986,2015-07-22,797,2015-07-18,4
jul/2015,2015-07-01,2015-07-31,sma:2904,0,sem-dados,sem-dados,sem-dados,986,2015-07-22,797,2015-07-18,4
jul/2015,2015-07-01,2015-07-31,sma:819,0,sem-dados,sem-dados,sem-dados,986,2015-07-22,797,2015-07-18,4
out/2015,2015-10-01,2015-10-31,1101,31,166.6,38.2,2015-10-11,371,2015-10-19,551,2015-10-16,3
out/2015,2015-10-01,2015-10-31,1105,31,166.2,31.2,2015-10-11,371,2015-10-19,551,2015-10-16,3
out/2015,2015-10-01,2015-10-31,2056,31,190.2,38.0,2015-10-11,371,2015-10-19,551,2015-10-16,3
out/2015,2015-10-01,2015-10-31,2241,31,170.8,42.2,2015-10-22,371,2015-10-19,551,2015-10-16,3
out/2015,2015-10-01,2015-10-31,IAT_2450054,31,196.2,77.4,2015-10-26,371,2015-10-19,551,2015-10-16,3
out/2015,2015-10-01,2015-10-31,83811,31,220.8,70.5,2015-10-23,371,2015-10-19,551,2015-10-16,3
out/2015,2015-10-01,2015-10-31,83813,31,202.5,64.7,2015-10-12,371,2015-10-19,551,2015-10-16,3
out/2015,2015-10-01,2015-10-31,sih:2450021,31,177.2,32.3,2015-10-18,371,2015-10-19,551,2015-10-16,3
out/2015,2015-10-01,2015-10-31,sih:2549052,31,177.1,40.6,2015-10-22,371,2015-10-19,551,2015-10-16,3
out/2015,2015-10-01,2015-10-31,sih:2550043,31,211.2,54.4,2015-10-22,371,2015-10-19,551,2015-10-16,3
out/2015,2015-10-01,2015-10-31,sma:1105,31,166.2,31.2,2015-10-11,371,2015-10-19,551,2015-10-16,3
out/2015,2015-10-01,2015-10-31,sma:1112,31,190.8,56.6,2015-10-11,371,2015-10-19,551,2015-10-16,3
out/2015,2015-10-01,2015-10-31,sma:1124,31,222.4,45.4,2015-10-31,371,2015-10-19,551,2015-10-16,3
out/2015,2015-10-01,2015-10-31,sma:1133,31,174.4,55.4,2015-10-11,371,2015-10-19,551,2015-10-16,3
out/2015,2015-10-01,2015-10-31,sma:1224,0,sem-dados,sem-dados,sem-dados,371,2015-10-19,551,2015-10-16,3
out/2015,2015-10-01,2015-10-31,sma:2305,0,sem-dados,sem-dados,sem-dados,371,2015-10-19,551,2015-10-16,3
out/2015,2015-10-01,2015-10-31,sma:2320,31,142.0,50.4,2015-10-11,371,2015-10-19,551,2015-10-16,3
out/2015,2015-10-01,2015-10-31,sma:2411,0,sem-dados,sem-dados,sem-dados,371,2015-10-19,551,2015-10-16,3
out/2015,2015-10-01,2015-10-31,sma:2529,0,sem-dados,sem-dados,sem-dados,371,2015-10-19,551,2015-10-16,3
out/2015,2015-10-01,2015-10-31,sma:2730,0,sem-dados,sem-dados,sem-dados,371,2015-10-19,551,2015-10-16,3
out/2015,2015-10-01,2015-10-31,sma:2733,0,sem-dados,sem-dados,sem-dados,371,2015-10-19,551,2015-10-16,3
out/2015,2015-10-01,2015-10-31,sma:2745,0,sem-dados,sem-dados,sem-dados,371,2015-10-19,551,2015-10-16,3
out/2015,2015-10-01,2015-10-31,sma:2904,0,sem-dados,sem-dados,sem-dados,371,2015-10-19,551,2015-10-16,3
out/2015,2015-10-01,2015-10-31,sma:819,31,110.2,39.4,2015-10-11,371,2015-10-19,551,2015-10-16,3
jun/2014,2014-06-01,2014-06-30,1101,30,179.2,66.4,2014-06-06,995,2014-06-13,868,2014-06-10,3
jun/2014,2014-06-01,2014-06-30,1105,30,214.7,74.4,2014-06-07,995,2014-06-13,868,2014-06-10,3
jun/2014,2014-06-01,2014-06-30,2056,30,165.8,54.4,2014-06-06,995,2014-06-13,868,2014-06-10,3
jun/2014,2014-06-01,2014-06-30,2241,30,273.2,117.0,2014-06-07,995,2014-06-13,868,2014-06-10,3
jun/2014,2014-06-01,2014-06-30,IAT_2450054,30,237.9,118.2,2014-06-07,995,2014-06-13,868,2014-06-10,3
jun/2014,2014-06-01,2014-06-30,83811,30,283.6,100.7,2014-06-07,995,2014-06-13,868,2014-06-10,3
jun/2014,2014-06-01,2014-06-30,83813,30,220.1,85.7,2014-06-06,995,2014-06-13,868,2014-06-10,3
jun/2014,2014-06-01,2014-06-30,sih:2450021,30,179.6,63.7,2014-06-06,995,2014-06-13,868,2014-06-10,3
jun/2014,2014-06-01,2014-06-30,sih:2549052,30,163.7,58.7,2014-06-07,995,2014-06-13,868,2014-06-10,3
jun/2014,2014-06-01,2014-06-30,sih:2550043,30,302.6,99.0,2014-06-07,995,2014-06-13,868,2014-06-10,3
jun/2014,2014-06-01,2014-06-30,sma:1105,0,sem-dados,sem-dados,sem-dados,995,2014-06-13,868,2014-06-10,3
jun/2014,2014-06-01,2014-06-30,sma:1112,0,sem-dados,sem-dados,sem-dados,995,2014-06-13,868,2014-06-10,3
jun/2014,2014-06-01,2014-06-30,sma:1124,0,sem-dados,sem-dados,sem-dados,995,2014-06-13,868,2014-06-10,3
jun/2014,2014-06-01,2014-06-30,sma:1133,0,sem-dados,sem-dados,sem-dados,995,2014-06-13,868,2014-06-10,3
jun/2014,2014-06-01,2014-06-30,sma:1224,0,sem-dados,sem-dados,sem-dados,995,2014-06-13,868,2014-06-10,3
jun/2014,2014-06-01,2014-06-30,sma:2305,0,sem-dados,sem-dados,sem-dados,995,2014-06-13,868,2014-06-10,3
jun/2014,2014-06-01,2014-06-30,sma:2320,0,sem-dados,sem-dados,sem-dados,995,2014-06-13,868,2014-06-10,3
jun/2014,2014-06-01,2014-06-30,sma:2411,0,sem-dados,sem-dados,sem-dados,995,2014-06-13,868,2014-06-10,3
jun/2014,2014-06-01,2014-06-30,sma:2529,0,sem-dados,sem-dados,sem-dados,995,2014-06-13,868,2014-06-10,3
jun/2014,2014-06-01,2014-06-30,sma:2730,0,sem-dados,sem-dados,sem-dados,995,2014-06-13,868,2014-06-10,3
jun/2014,2014-06-01,2014-06-30,sma:2733,0,sem-dados,sem-dados,sem-dados,995,2014-06-13,868,2014-06-10,3
jun/2014,2014-06-01,2014-06-30,sma:2745,0,sem-dados,sem-dados,sem-dados,995,2014-06-13,868,2014-06-10,3
jun/2014,2014-06-01,2014-06-30,sma:2904,0,sem-dados,sem-dados,sem-dados,995,2014-06-13,868,2014-06-10,3
jun/2014,2014-06-01,2014-06-30,sma:819,0,sem-dados,sem-dados,sem-dados,995,2014-06-13,868,2014-06-10,3
jun-jul/2013,2013-06-01,2013-07-31,1101,0,sem-dados,sem-dados,sem-dados,1033,2013-06-28,795,2013-06-24,4
jun-jul/2013,2013-06-01,2013-07-31,1105,61,497.4,94.4,2013-06-21,1033,2013-06-28,795,2013-06-24,4
jun-jul/2013,2013-06-01,2013-07-31,2056,61,515.8,98.8,2013-06-24,1033,2013-06-28,795,2013-06-24,4
jun-jul/2013,2013-06-01,2013-07-31,2241,61,495.4,83.6,2013-06-21,1033,2013-06-28,795,2013-06-24,4
jun-jul/2013,2013-06-01,2013-07-31,IAT_2450054,61,441.2,179.0,2013-06-21,1033,2013-06-28,795,2013-06-24,4
jun-jul/2013,2013-06-01,2013-07-31,83811,61,542.5,135.8,2013-06-21,1033,2013-06-28,795,2013-06-24,4
jun-jul/2013,2013-06-01,2013-07-31,83813,61,467.2,61.7,2013-06-21,1033,2013-06-28,795,2013-06-24,4
jun-jul/2013,2013-06-01,2013-07-31,sih:2450021,61,437.5,62.8,2013-06-20,1033,2013-06-28,795,2013-06-24,4
jun-jul/2013,2013-06-01,2013-07-31,sih:2549052,61,461.9,81.8,2013-06-21,1033,2013-06-28,795,2013-06-24,4
jun-jul/2013,2013-06-01,2013-07-31,sih:2550043,61,435.0,81.2,2013-06-21,1033,2013-06-28,795,2013-06-24,4
jun-jul/2013,2013-06-01,2013-07-31,sma:1105,0,sem-dados,sem-dados,sem-dados,1033,2013-06-28,795,2013-06-24,4
jun-jul/2013,2013-06-01,2013-07-31,sma:1112,0,sem-dados,sem-dados,sem-dados,1033,2013-06-28,795,2013-06-24,4
jun-jul/2013,2013-06-01,2013-07-31,sma:1124,0,sem-dados,sem-dados,sem-dados,1033,2013-06-28,795,2013-06-24,4
jun-jul/2013,2013-06-01,2013-07-31,sma:1133,0,sem-dados,sem-dados,sem-dados,1033,2013-06-28,795,2013-06-24,4
jun-jul/2013,2013-06-01,2013-07-31,sma:1224,0,sem-dados,sem-dados,sem-dados,1033,2013-06-28,795,2013-06-24,4
jun-jul/2013,2013-06-01,2013-07-31,sma:2305,0,sem-dados,sem-dados,sem-dados,1033,2013-06-28,795,2013-06-24,4
jun-jul/2013,2013-06-01,2013-07-31,sma:2320,0,sem-dados,sem-dados,sem-dados,1033,2013-06-28,795,2013-06-24,4
jun-jul/2013,2013-06-01,2013-07-31,sma:2411,0,sem-dados,sem-dados,sem-dados,1033,2013-06-28,795,2013-06-24,4
jun-jul/2013,2013-06-01,2013-07-31,sma:2529,0,sem-dados,sem-dados,sem-dados,1033,2013-06-28,795,2013-06-24,4
jun-jul/2013,2013-06-01,2013-07-31,sma:2730,0,sem-dados,sem-dados,sem-dados,1033,2013-06-28,795,2013-06-24,4
jun-jul/2013,2013-06-01,2013-07-31,sma:2733,0,sem-dados,sem-dados,sem-dados,1033,2013-06-28,795,2013-06-24,4
jun-jul/2013,2013-06-01,2013-07-31,sma:2745,0,sem-dados,sem-dados,sem-dados,1033,2013-06-28,795,2013-06-24,4
jun-jul/2013,2013-06-01,2013-07-31,sma:2904,0,sem-dados,sem-dados,sem-dados,1033,2013-06-28,795,2013-06-24,4
jun-jul/2013,2013-06-01,2013-07-31,sma:819,0,sem-dados,sem-dados,sem-dados,1033,2013-06-28,795,2013-06-24,4
jun/2012,2012-06-01,2012-06-30,1101,0,sem-dados,sem-dados,sem-dados,645,2012-06-15,668,2012-06-10,5
jun/2012,2012-06-01,2012-06-30,1105,30,223.6,58.4,2012-06-04,645,2012-06-15,668,2012-06-10,5
jun/2012,2012-06-01,2012-06-30,2056,0,sem-dados,sem-dados,sem-dados,645,2012-06-15,668,2012-06-10,5
jun/2012,2012-06-01,2012-06-30,2241,0,sem-dados,sem-dados,sem-dados,645,2012-06-15,668,2012-06-10,5
jun/2012,2012-06-01,2012-06-30,IAT_2450054,30,248.7,87.9,2012-06-05,645,2012-06-15,668,2012-06-10,5
jun/2012,2012-06-01,2012-06-30,83811,30,281.6,87.7,2012-06-05,645,2012-06-15,668,2012-06-10,5
jun/2012,2012-06-01,2012-06-30,83813,30,304.2,69.4,2012-06-04,645,2012-06-15,668,2012-06-10,5
jun/2012,2012-06-01,2012-06-30,sih:2450021,30,267.1,106.0,2012-06-04,645,2012-06-15,668,2012-06-10,5
jun/2012,2012-06-01,2012-06-30,sih:2549052,30,243.9,81.7,2012-06-04,645,2012-06-15,668,2012-06-10,5
jun/2012,2012-06-01,2012-06-30,sih:2550043,30,214.9,69.0,2012-06-04,645,2012-06-15,668,2012-06-10,5
jun/2012,2012-06-01,2012-06-30,sma:1105,0,sem-dados,sem-dados,sem-dados,645,2012-06-15,668,2012-06-10,5
jun/2012,2012-06-01,2012-06-30,sma:1112,0,sem-dados,sem-dados,sem-dados,645,2012-06-15,668,2012-06-10,5
jun/2012,2012-06-01,2012-06-30,sma:1124,0,sem-dados,sem-dados,sem-dados,645,2012-06-15,668,2012-06-10,5
jun/2012,2012-06-01,2012-06-30,sma:1133,0,sem-dados,sem-dados,sem-dados,645,2012-06-15,668,2012-06-10,5
jun/2012,2012-06-01,2012-06-30,sma:1224,0,sem-dados,sem-dados,sem-dados,645,2012-06-15,668,2012-06-10,5
jun/2012,2012-06-01,2012-06-30,sma:2305,0,sem-dados,sem-dados,sem-dados,645,2012-06-15,668,2012-06-10,5
jun/2012,2012-06-01,2012-06-30,sma:2320,0,sem-dados,sem-dados,sem-dados,645,2012-06-15,668,2012-06-10,5
jun/2012,2012-06-01,2012-06-30,sma:2411,0,sem-dados,sem-dados,sem-dados,645,2012-06-15,668,2012-06-10,5
jun/2012,2012-06-01,2012-06-30,sma:2529,0,sem-dados,sem-dados,sem-dados,645,2012-06-15,668,2012-06-10,5
jun/2012,2012-06-01,2012-06-30,sma:2730,0,sem-dados,sem-dados,sem-dados,645,2012-06-15,668,2012-06-10,5
jun/2012,2012-06-01,2012-06-30,sma:2733,0,sem-dados,sem-dados,sem-dados,645,2012-06-15,668,2012-06-10,5
jun/2012,2012-06-01,2012-06-30,sma:2745,0,sem-dados,sem-dados,sem-dados,645,2012-06-15,668,2012-06-10,5
jun/2012,2012-06-01,2012-06-30,sma:2904,0,sem-dados,sem-dados,sem-dados,645,2012-06-15,668,2012-06-10,5
jun/2012,2012-06-01,2012-06-30,sma:819,0,sem-dados,sem-dados,sem-dados,645,2012-06-15,668,2012-06-10,5
ago/2011,2011-08-01,2011-08-31,1101,0,sem-dados,sem-dados,sem-dados,934,2011-08-07,785,2011-08-04,3
ago/2011,2011-08-01,2011-08-31,1105,31,283.6,104.8,2011-08-19,934,2011-08-07,785,2011-08-04,3
ago/2011,2011-08-01,2011-08-31,2056,0,sem-dados,sem-dados,sem-dados,934,2011-08-07,785,2011-08-04,3
ago/2011,2011-08-01,2011-08-31,2241,0,sem-dados,sem-dados,sem-dados,934,2011-08-07,785,2011-08-04,3
ago/2011,2011-08-01,2011-08-31,IAT_2450054,31,220.4,66.4,2011-08-01,934,2011-08-07,785,2011-08-04,3
ago/2011,2011-08-01,2011-08-31,83811,31,421.6,184.0,2011-08-01,934,2011-08-07,785,2011-08-04,3
ago/2011,2011-08-01,2011-08-31,83813,31,357.8,153.6,2011-08-01,934,2011-08-07,785,2011-08-04,3
ago/2011,2011-08-01,2011-08-31,sih:2450021,31,328.7,136.5,2011-08-01,934,2011-08-07,785,2011-08-04,3
ago/2011,2011-08-01,2011-08-31,sih:2549052,31,349.7,165.1,2011-08-01,934,2011-08-07,785,2011-08-04,3
ago/2011,2011-08-01,2011-08-31,sih:2550043,31,337.8,113.8,2011-08-19,934,2011-08-07,785,2011-08-04,3
ago/2011,2011-08-01,2011-08-31,sma:1105,0,sem-dados,sem-dados,sem-dados,934,2011-08-07,785,2011-08-04,3
ago/2011,2011-08-01,2011-08-31,sma:1112,0,sem-dados,sem-dados,sem-dados,934,2011-08-07,785,2011-08-04,3
ago/2011,2011-08-01,2011-08-31,sma:1124,0,sem-dados,sem-dados,sem-dados,934,2011-08-07,785,2011-08-04,3
ago/2011,2011-08-01,2011-08-31,sma:1133,0,sem-dados,sem-dados,sem-dados,934,2011-08-07,785,2011-08-04,3
ago/2011,2011-08-01,2011-08-31,sma:1224,0,sem-dados,sem-dados,sem-dados,934,2011-08-07,785,2011-08-04,3
ago/2011,2011-08-01,2011-08-31,sma:2305,0,sem-dados,sem-dados,sem-dados,934,2011-08-07,785,2011-08-04,3
ago/2011,2011-08-01,2011-08-31,sma:2320,0,sem-dados,sem-dados,sem-dados,934,2011-08-07,785,2011-08-04,3
ago/2011,2011-08-01,2011-08-31,sma:2411,0,sem-dados,sem-dados,sem-dados,934,2011-08-07,785,2011-08-04,3
ago/2011,2011-08-01,2011-08-31,sma:2529,0,sem-dados,sem-dados,sem-dados,934,2011-08-07,785,2011-08-04,3
ago/2011,2011-08-01,2011-08-31,sma:2730,0,sem-dados,sem-dados,sem-dados,934,2011-08-07,785,2011-08-04,3
ago/2011,2011-08-01,2011-08-31,sma:2733,0,sem-dados,sem-dados,sem-dados,934,2011-08-07,785,2011-08-04,3
ago/2011,2011-08-01,2011-08-31,sma:2745,0,sem-dados,sem-dados,sem-dados,934,2011-08-07,785,2011-08-04,3
ago/2011,2011-08-01,2011-08-31,sma:2904,0,sem-dados,sem-dados,sem-dados,934,2011-08-07,785,2011-08-04,3
ago/2011,2011-08-01,2011-08-31,sma:819,0,sem-dados,sem-dados,sem-dados,934,2011-08-07,785,2011-08-04,3
